<ebs>
    <deploy_name>easemob</deploy_name>
    <file_version>1</file_version>
    <valid_before>-1</valid_before>
    <resolver>
        <hosts>
            <host>
                <domain>www.easemob.com</domain>
                <ip>112.126.66.111</ip>
                <port>80</port>
            </host>
            <host>
                <domain>www.easemob.com</domain>
                <ip>182.92.228.160</ip>
                <port>80</port>
            </host>
            <host>
                <domain>www.easemob.com</domain>
                <ip>182.92.159.193</ip>
                <port>80</port>
            </host>
        </hosts>
    </resolver>
    <im>
        <hosts>
            <host>
                <domain>im1.vip1.easemob.com</domain>
                <ip>121.43.68.43</ip>
                <port>443</port>
            </host>
            <host>
                <domain>im1.vip1.easemob.com</domain>
                <ip>121.43.68.43</ip>
                <port>5222</port>
            </host>
        </hosts>
    </im>
    <rest>
        <hosts>
            <host>
                <domain>a1.vip1.easemob.com</domain>
                <port>443</port>
                <protocol>https</protocol>
            </host>
            <host>
                <domain>a1.vip1.easemob.com</domain>
                <ip>120.26.2.1</ip>
                <port>80</port>
                <protocol>http</protocol>
            </host>
            <host>
                <domain>a1.vip1.easemob.com</domain>
                <ip>120.26.1.64</ip>
                <port>80</port>
                <protocol>http</protocol>
            </host>
        </hosts>
    </rest>
</ebs>
