<properties>

    <features>

        <!--<feature
            name="Accelerometer"
            value="io.dcloud.feature.sensor.AccelerometerFeatureImpl" />

        <feature
            name="Audio"
            value="io.dcloud.feature.audio.AudioFeatureImpl" >
        </feature>

        <feature
            name="Cache"
            value="io.dcloud.feature.pdr.CoreCacheFeatureImpl" >
        </feature>

        <feature
            name="Camera"
            value="io.dcloud.js.camera.CameraFeatureImpl" >
        </feature>

        <feature
            name="Console"
            value="io.dcloud.feature.pdr.LoggerFeatureImpl" >
        </feature>

        <feature
            name="Contacts"
            value="io.dcloud.feature.contacts.ContactsFeatureImpl" >
        </feature>

        <feature
            name="Device"
            value="io.dcloud.feature.device.DeviceFeatureImpl" >
        </feature>

        <feature
            name="Downloader"
            value="io.dcloud.net.DownloaderFeatureImpl" >
        </feature>

        <feature
            name="File"
            value="io.dcloud.js.file.FileFeatureImpl" >
        </feature>

        <feature
            name="Gallery"
            value="io.dcloud.js.gallery.GalleryFeatureImpl" >
        </feature>

        <feature
            name="Geolocation"
            value="io.dcloud.js.geolocation.GeolocationFeatureImpl" />

        <feature
            name="Invocation"
            value="io.dcloud.invocation.Invocation" >
        </feature>

        <feature
            name="Messaging"
            value="io.dcloud.adapter.messaging.MessagingPluginImpl" >
        </feature>

        <feature
            name="Orientation"
            value="io.dcloud.feature.sensor.OrientationFeatureImpl" />

        <feature
            name="Proximity"
            value="io.dcloud.feature.sensor.ProximityFeatureImpl" >
        </feature>

        <feature
            name="Storage"
            value="io.dcloud.feature.pdr.NStorageFeatureImpl" >
        </feature>-->

        <feature
            name="Navigator"
            value="io.dcloud.feature.ui.navigator.NavigatorUIFeatureImpl" >
        </feature>

        <feature
            name="NativeObj"
            value="io.dcloud.feature.nativeObj.FeatureImpl" />

        <feature
            name="NativeUI"
            value="io.dcloud.feature.ui.nativeui.NativeUIFeatureImpl" >
        </feature>

        <feature
            name="UI"
            value="io.dcloud.feature.ui.UIFeatureImpl" >

            <module
                name="Navigator"
                value="io.dcloud.feature.ui.NavView" />
        </feature>

        <!--<feature
            name="Uploader"
            value="io.dcloud.net.UploadFeature" >
        </feature>-->

        <feature
            name="Runtime"
            value="io.dcloud.feature.pdr.RuntimeFeatureImpl" >
        </feature>

        <!-- <feature
             name="XMLHttpRequest"
             value="io.dcloud.net.XMLHttpRequestFeature" >
         </feature>

         <feature
             name="Zip"
             value="io.dcloud.feature.pdr.ZipFeature" >
         </feature>

         <feature
             name="Barcode"
             value="io.dcloud.feature.barcode.BarcodeFeatureImpl" >
         </feature>

         <feature
             name="OAuth"
             value="io.dcloud.feature.oauth.OAuthFeatureImpl" >
         </feature>

         <feature
             name="Maps"
             value="io.dcloud.js.map.JsMapPluginImpl" >
         </feature>

         <feature
             name="Speech"
             value="io.dcloud.feature.speech.SpeechFeatureImpl" >

             <module
                 name="iFly"
                 value="io.dcloud.feature.speech.IflySpeechEngine" />
         </feature>

         <feature
             name="Push"
             value="io.dcloud.feature.aps.APSFeatureImpl" >

             <module
                 name="igexin"
                 value="io.dcloud.feature.apsGt.GTPushService" />
         </feature>

         <feature
             name="Share"
             value="io.dcloud.share.ShareFeatureImpl" >

             <module
                 name="Sina"
                 value="io.dcloud.share.sina.SinaWeiboApiManager" />
         </feature>

         <feature
             name="Share"
             value="io.dcloud.share.ShareFeatureImpl" >

             <module
                 name="Tencent"
                 value="io.dcloud.share.tencent.TencentWeiboApiManager" />
         </feature>

         <feature
             name="Share"
             value="io.dcloud.share.ShareFeatureImpl" >

             <module
                 name="Weixin"
                 value="io.dcloud.share.mm.WeiXinApiManager" />
         </feature>

         <feature
             name="Statistic"
             value="io.dcloud.feature.statistics.StatisticsFeatureImpl" />

         <feature
             name="Share"
             value="io.dcloud.share.ShareFeatureImpl" >

             <module
                 name="QQ"
                 value="io.dcloud.share.qq.QQApiManager" />
         </feature>

         <feature
             name="Payment"
             value="io.dcloud.feature.payment.PaymentFeatureImpl" >

             <module
                 name="AliPay"
                 value="io.dcloud.feature.payment.alipay.AliPay" />
         </feature>

         <feature
             name="Payment"
             value="io.dcloud.feature.payment.PaymentFeatureImpl" >

             <module
                 name="Payment-Weixin"
                 value="io.dcloud.feature.payment.weixin.WeiXinPay" />
         </feature>

         <feature
             name="OAuth"
             value="io.dcloud.feature.oauth.OAuthFeatureImpl" >

             <module
                 name="OAuth-Weixin"
                 value="io.dcloud.feature.oauth.weixin.WeiXinOAuthService" />

             <module
                 name="OAuth-QQ"
                 value="io.dcloud.feature.oauth.qq.QQOAuthService" />

             <module
                 name="OAuth-Sina"
                 value="io.dcloud.feature.oauth.sina.SinaOAuthService" />
         </feature>

         <feature
             name="plugintest"
             value="com.example.H5PlusPlugin.PGPlugintest" />-->
    </features>

    <!--<services>

        &lt;!&ndash; 如果扩展插件需要在应用启动时初始化可以在这里添加一个service &ndash;&gt;
        &lt;!&ndash; service name="plugintest" value="com.example.H5PlusPlugin.PGPlugintest" / &ndash;&gt;

        <service
            name="Downloader"
            value="io.dcloud.net.DownloaderBootImpl" />

        <service
            name="Statistic"
            value="io.dcloud.feature.statistics.StatisticsBootImpl" />

        <service
            name="Maps"
            value="io.dcloud.js.map.MapInitImpl" />

        <service
            name="push"
            value="io.dcloud.feature.aps.APSFeatureImpl" />
    </services>-->

</properties>